question,answer,context
What are the key steps in the clinical workflow for a patient presenting with chest pain in an emergency department?,"The standard workflow begins with triage, where vital signs and pain severity are recorded. Next, a focused history and physical exam are performed, followed by immediate ECG and cardiac biomarkers (troponin I/T). If STEMI is suspected, emergent cath lab activation occurs. Concurrently, anticoagulation and antiplatelet therapy are initiated per ACC/AHA guidelines. Imaging (CXR, CT if needed) is ordered, and a cardiology consult is requested. Finally, the patient is either admitted to CCU or discharged with follow‑up, ensuring medication reconciliation and education.","Emergency department triage, cardiac care, ACC/AHA guidelines, ECG, troponin, STEMI, cath lab, cardiology consult, medication reconciliation, patient education."
How does the FDA’s 21 CFR Part 820 impact medical device manufacturers?,"21 CFR Part 820, the Quality System Regulation (QSR), mandates that device manufacturers establish a comprehensive quality management system covering design controls, production processes, corrective actions, and risk management. Compliance requires documented procedures, traceability of components, and regular audits. Failure to meet QSR can result in product recalls, warning letters, or facility shutdowns, and it is a prerequisite for obtaining pre‑market approval or clearance.","FDA QSR 21 CFR Part 820, medical device manufacturing, design controls, risk management, recalls, pre‑market approval."
Explain the difference between a CPT code and an ICD‑10 code in billing.,"CPT codes describe the specific service or procedure performed (e.g., 99213 for office visit), while ICD‑10 codes denote the diagnosis or condition that necessitates the service (e.g., I10 for essential hypertension). Billing systems use CPT for procedure reimbursement and ICD‑10 for clinical justification and risk adjustment. Accurate pairing of both codes is essential to avoid claim denials and ensure compliance with CMS guidelines.","CPT, ICD‑10, medical billing, CMS, reimbursement, risk adjustment, claim denials."
What are the primary ethical considerations when conducting a randomized controlled trial (RCT) in oncology?,"Key ethical issues include informed consent with clear communication of risks and benefits, equitable selection of participants to avoid exploitation, ensuring that the control arm receives standard-of-care treatment, and maintaining data confidentiality. The principle of therapeutic misconception must be addressed, and interim analyses should be planned to allow early termination if significant benefit or harm emerges.","RCT ethics, oncology trials, informed consent, therapeutic misconception, standard-of-care, data confidentiality, interim analysis."
Describe how FHIR resources facilitate interoperability between an EHR and a patient‑generated health app.,"FHIR defines standardized resources (e.g., Patient, Observation, Medication) and RESTful APIs that enable secure data exchange. The EHR exposes patient demographics and lab results via FHIR endpoints, while the app can ingest these resources using OAuth 2.0 for authentication. Data mapping ensures that the app’s wearable‑derived glucose readings are posted back as Observation resources, allowing real‑time clinical decision support in the EHR.","FHIR interoperability, EHR, patient app, OAuth 2.0, Observations, real‑time data, clinical decision support."
What is the role of Lean methodology in reducing medication errors in a hospital pharmacy?,"Lean focuses on eliminating waste and streamlining processes. In a pharmacy, this involves mapping the medication dispensing workflow, identifying bottlenecks such as double‑checking steps, and implementing standardized barcode scanning for each medication. Value‑stream mapping reveals unnecessary handoffs, and 5S organization ensures that high‑risk medications are easily accessible, thereby reducing human error and improving safety.","Lean, hospital pharmacy, medication errors, barcode scanning, value‑stream mapping, 5S, safety."
How does a pay‑for‑performance model incentivize preventive care in primary care practices?,"Under pay‑for‑performance, primary care providers receive bonuses tied to quality metrics like vaccination rates, HbA1c control, and preventive screening completion. By linking reimbursement to these outcomes, practices are motivated to schedule routine visits, provide patient education, and coordinate care with specialists, ultimately reducing costly hospitalizations and improving population health.","Pay‑for‑performance, preventive care, quality metrics, vaccination, HbA1c, population health."
Explain the importance of using SNOMED CT codes in clinical documentation.,"SNOMED CT offers a comprehensive, multilingual ontology that captures clinical concepts with hierarchical relationships. Using SNOMED CT ensures that documentation is machine‑readable, supports advanced analytics, and facilitates interoperability across systems. It also improves clinical decision support by providing precise coding for symptoms, diagnoses, and procedures, which enhances care coordination and research data quality.","SNOMED CT, clinical documentation, interoperability, decision support, analytics."
What are the main challenges in implementing blockchain for health data exchange?,"Key challenges include scalability—handling millions of transactions per second—interoperability with legacy EHRs, ensuring patient consent and privacy under HIPAA, and managing the high energy consumption of certain consensus mechanisms. Additionally, regulatory uncertainty and the need for standard cryptographic protocols (e.g., HL7 FHIR over blockchain) complicate widespread adoption.","Blockchain, health data exchange, scalability, interoperability, HIPAA, HL7 FHIR."
Describe the process of obtaining a CPT code for a new medical device claim.,"First, identify the appropriate CPT code that best represents the device’s function. If no existing code applies, submit a CPT code change request to the AMA, providing clinical evidence and utilization data. Once approved, the code is incorporated into billing software, and claims are transmitted to payers with the device’s National Drug Code (NDC) or unique device identifier (UDI) for traceability.","CPT coding, medical device, AMA, NDC, UDI, billing."
What strategies can health systems use to address workforce shortages in nursing?,"Strategies include expanding nurse residency programs, offering loan repayment and tuition assistance, leveraging telehealth to extend care reach, and adopting task‑shifting models where nurse practitioners and physician assistants take on routine duties. Additionally, investing in simulation labs for continuous skill development and creating flexible scheduling can improve retention.","Nursing workforce shortages, residency programs, loan repayment, telehealth, task‑shifting, simulation labs."
How does the concept of precision medicine influence cancer treatment protocols?,"Precision medicine tailors therapy based on tumor genomics, biomarker status, and patient genetics. In oncology, next‑generation sequencing identifies actionable mutations (e.g., EGFR, ALK) that guide targeted therapy selection. This approach improves efficacy, reduces toxicity, and enables dynamic treatment adjustments based on real‑time genomic monitoring.","Precision medicine, oncology, next‑generation sequencing, targeted therapy, biomarkers."
